time,load_kw,pv_kw
0:00,809,0
1:00,683,0
2:00,705,0
3:00,818,0
4:00,749,0
5:00,707,-7.132701
6:00,876,-281.5880078
7:00,791,-870.5259065
8:00,738,-1367.629594
9:00,715,-2038.038191
10:00,737,-2024.717809
11:00,816,-2401.565584
12:00,792,-2295.288143
13:00,710,-2164.740509
14:00,792,-1649.359016
15:00,813,-1304.546247
16:00,846,-703.587714
17:00,734,-207.9172433
18:00,702,-11.7403255
19:00,849,0
20:00,840,0
21:00,780,0
22:00,685,0
23:00,753,0
